{"version":"1.0","races":{"race01":{"difficulty":2,"minBet":1000,"start":{"pos":{"y":12.511245727539,"x":-679.662109375,"z":102.79719543457},"width":15,"rot":{"y":0.12897748049185,"x":0.047471398866693,"z":-0.92954776282814,"w":0.34212897047284}},"checkpoints":[{"index":1,"node":{"y":-45.779178619385,"z":102.15916442871,"width":12,"x":-745.86633300781}},{"index":2,"node":{"y":-28.550668716431,"z":116.5562210083,"width":12,"x":-851.21997070313}},{"index":3,"node":{"y":-313.6344909668,"z":101.64002227783,"width":12,"x":-976.15814208984}}],"name":"Race01","maxBet":50000,"finish":{"pos":{"y":-581.14294433594,"x":-719.62255859375,"z":104.79456329346},"width":15,"rot":{"y":0.053145049025401,"z":-0.27503602852016,"x":-0.1821243804387,"w":-0.94252930820732}},"type":"point_to_point","description":"Custom street race","id":"race01","spawns":{"player":{"pos":{"y":12.511245727539,"x":-679.662109375,"z":102.79719543457},"rot":{"y":0.12897748049185,"x":0.047471398866693,"z":-0.92954776282814,"w":0.34212897047284}},"adversaries":[{"pos":{"y":13.758939743042,"x":-685.61724853516,"z":102.79267120361},"rot":{"y":-0.17663228324321,"x":-0.12660293561494,"z":0.79335641318125,"w":-0.56864605412695}}]}},"new_race":{"difficulty":2,"minBet":1000,"start":{"pos":{"y":135.69508361816,"x":-558.15112304688,"z":100.89351654053},"width":15,"rot":{"y":0.016569116867265,"z":-0.38633301501801,"x":-0.016859401216082,"w":-0.92205641175796}},"checkpoints":[{"index":1,"node":{"y":189.16989135742,"z":100.5061340332,"width":12,"x":-420.91647338867}}],"name":"Race02","maxBet":50000,"spawns":{"player":{"pos":{"y":135.69508361816,"x":-558.15112304688,"z":100.89351654053},"rot":{"y":0.016569116867265,"z":-0.38633301501801,"x":-0.016859401216082,"w":-0.92205641175796}},"adversaries":[{"pos":{"y":134.29093933105,"x":-555.90844726563,"z":100.83885955811},"rot":{"y":0.016006599844747,"z":-0.38135960167552,"x":-0.014311800677931,"w":-0.92417737222497}}]},"type":"point_to_point","description":"Custom street race","id":"new_race","finish":{"pos":{"y":330.88409423828,"x":-279.77755737305,"z":101.78639984131},"width":15,"rot":{"y":0.01352299034071,"z":-0.093023030188769,"x":-0.14322333781318,"w":-0.98521617936999}}},"race04":{"difficulty":2,"minBet":1000,"start":{"pos":{"y":514.99920654297,"x":-44.398540496826,"z":74.741180419922},"width":15,"rot":{"y":0.15698099369164,"z":-0.88214565920882,"x":-0.077797193673935,"w":-0.43717685233218}},"checkpoints":[{"index":1,"node":{"y":425.84954833984,"x":58.441673278809,"z":74.85417175293,"width":12}},{"index":2,"node":{"y":251.02465820313,"x":165.62211608887,"z":74.294937133789,"width":12}},{"index":3,"node":{"y":233.23677062988,"x":-53.689765930176,"z":74.47331237793,"width":12}},{"index":4,"node":{"y":474.65542602539,"x":-447.70620727539,"z":75.015098571777,"width":12}}],"name":"Race04","maxBet":50000,"finish":{"pos":{"y":659.00848388672,"x":-300.00927734375,"z":74.943672180176},"width":15,"rot":{"y":0.12951671425107,"z":-0.53894125267437,"x":-0.19448506003413,"w":-0.8092856778165}},"type":"point_to_point","description":"Custom street race","id":"race04","spawns":{"player":{"pos":{"y":514.99920654297,"x":-44.398540496826,"z":74.741180419922},"rot":{"y":0.15698099369164,"z":-0.88214565920882,"x":-0.077797193673935,"w":-0.43717685233218}},"adversaries":[{"pos":{"y":517.86877441406,"x":-41.58464050293,"z":74.742752075195},"rot":{"y":0.16518509438421,"z":-0.89241185872418,"x":-0.076424894286781,"w":-0.4128852074548}}]}},"race05":{"difficulty":2,"minBet":1000,"start":{"pos":{"y":-255.81115722656,"x":402.72894287109,"z":145.26951599121},"width":15,"rot":{"y":-0.04911483993465,"z":0.71551600614906,"x":-0.041680475476817,"w":-0.69562009416543}},"checkpoints":[{"index":1,"node":{"y":-187.42276000977,"width":12,"x":39.145572662354,"z":124.37853240967}},{"index":2,"node":{"y":-414.01800537109,"width":12,"x":44.764141082764,"z":132.64698791504}},{"index":3,"node":{"y":-499.56079101563,"width":12,"x":175.41255187988,"z":142.35411071777}},{"index":4,"node":{"y":-653.30291748047,"width":12,"x":-4.6379475593567,"z":132.24812316895}},{"index":5,"node":{"y":-428.71981811523,"width":12,"x":-130.83647155762,"z":124.0308303833}},{"index":6,"node":{"y":-449.23388671875,"width":12,"x":-162.16146850586,"z":124.30498504639}},{"index":7,"node":{"y":-271.79498291016,"width":12,"x":-298.77911376953,"z":119.93789672852}},{"index":8,"node":{"y":656.55261230469,"width":12,"x":730.82818603516,"z":130.76565551758}},{"index":9,"node":{"y":376.81484985352,"width":12,"x":815.58270263672,"z":154.02212524414}},{"index":10,"node":{"y":295.45001220703,"width":12,"x":793.23449707031,"z":159.57823181152}},{"index":11,"node":{"y":139.13246154785,"width":12,"x":864.16314697266,"z":155.43553161621}},{"index":12,"node":{"y":109.94348144531,"width":12,"x":848.02099609375,"z":149.09266662598}},{"index":13,"node":{"y":-212.16108703613,"width":12,"x":679.37939453125,"z":146.97367858887}},{"index":14,"node":{"y":-243.48928833008,"width":12,"x":653.02166748047,"z":146.62971496582}}],"name":"Race05","maxBet":50000,"finish":{"pos":{"y":-252.24887084961,"x":392.39300537109,"z":145.12948608398},"width":15,"rot":{"y":-0.0756198613078,"z":0.67012081334042,"x":-0.082798191791197,"w":-0.73373305196091}},"type":"point_to_point","description":"Custom street race","id":"race05","spawns":{"player":{"rot":{"y":-0.04911483993465,"z":0.71551600614906,"x":-0.041680475476817,"w":-0.69562009416543},"pos":{"y":-255.81115722656,"x":402.72894287109,"z":145.26951599121}},"adversaries":[{"rot":{"y":-0.042951238841335,"z":0.65895690211047,"x":-0.05408433185485,"w":-0.74900325586127},"pos":{"y":-248.28688049316,"x":394.79153442383,"z":145.15776062012}}]}},"new_race_1":{"difficulty":2,"minBet":1000,"start":{"pos":{"y":676.72692871094,"x":-260.62182617188,"z":74.894622802734},"width":15,"rot":{"y":0.17961095526705,"x":0.028666040149158,"z":-0.97103050236876,"w":0.15497718012564}},"checkpoints":[{"index":1,"node":{"y":564.39208984375,"width":12,"x":-267.1904296875,"z":74.974662780762}},{"index":2,"node":{"y":475.12457275391,"width":12,"x":-131.54898071289,"z":74.687850952148}},{"index":3,"node":{"y":575.40008544922,"width":12,"x":18.334543228149,"z":74.741401672363}}],"name":"Race03","maxBet":50000,"spawns":{"player":{"pos":{"y":676.72692871094,"x":-260.62182617188,"z":74.894622802734},"rot":{"y":0.17961095526705,"x":0.028666040149158,"z":-0.97103050236876,"w":0.15497718012564}},"adversaries":[{"pos":{"y":677.67687988281,"x":-269.06671142578,"z":74.892707824707},"rot":{"y":0.18194784415215,"x":0.006132057185486,"z":-0.98273110615754,"w":0.033120278885386}}]},"type":"point_to_point","description":"Custom street race","id":"new_race_1","finish":{"pos":{"y":613.96478271484,"x":69.407623291016,"z":74.739501953125},"width":15,"rot":{"y":0.046826446284324,"x":-0.084648866498836,"z":-0.48178648412113,"w":-0.87093262486087}}}},"map":"west_coast_usa","encounters":{"spawnChance":0.003,"finishDistance":2000,"cooldownMinutes":10}}