{
  "version": "1.0",
  "map": "west_coast_usa",
  "races": {
    "new_race": {
      "id": "new_race",
      "name": "New Race",
      "description": "Custom street race",
      "type": "point_to_point",
      "difficulty": 2,
      "minBet": 1000,
      "maxBet": 50000,
      "start": {
        "pos": {"x": -560.11480712891, "y": 132.845703125, "z": 100.97758483887},
        "rot": {"x": 0, "y": 0, "z": 0, "w": 0.99999994039536},
        "width": 15
      },
      "spawns": {
        "player": {
          "pos": {"x": -560.11480712891, "y": 132.845703125, "z": 100.97758483887},
          "rot": {"x": 0, "y": 0, "z": 0, "w": 0.99999994039536}
        },
        "adversaries": [
          {
            "pos": {"x": -560.28759765625, "y": 130.05308532715, "z": 100.98078155518},
            "rot": {"x": 0, "y": 0, "z": 1, "w": 0}
          }
        ]
      },
      "checkpoints": [
        {"index": 1, "node": {"x": -541.53680419922, "y": 152.28909301758, "z": 100.45927429199, "width": 12}},
        {"index": 2, "node": {"x": -453.59173583984, "y": 146.59046936035, "z": 100.26156616211, "width": 12}}
      ],
      "finish": {
        "pos": {"x": -340.62771606445, "y": 296.95538330078, "z": 101.5919418335},
        "rot": {"x": 0, "y": 0, "z": 0.99999994039536, "w": 0},
        "width": 15
      }
    },
    "race01": {
      "id": "race01",
      "name": "Race01",
      "description": "Custom street race",
      "type": "point_to_point",
      "difficulty": 2,
      "minBet": 1000,
      "maxBet": 50000,
      "start": {
        "pos": {"x": -569.62908935547, "y": 122.35036468506, "z": 101.23443603516},
        "rot": {"x": -0.0033607431687415, "y": -0.0038286598864943, "z": -0.75152850151062, "w": 0.65968090295792},
        "width": 15
      },
      "spawns": {
        "player": {
          "pos": {"x": -569.62908935547, "y": 122.35036468506, "z": 101.23443603516},
          "rot": {"x": -0.0033607431687415, "y": -0.0038286598864943, "z": -0.75152850151062, "w": 0.65968090295792}
        },
        "adversaries": [
          {
            "pos": {"x": -565.62908935547, "y": 122.35036468506, "z": 101.23443603516},
            "rot": {"x": -0.0033607431687415, "y": -0.0038286598864943, "z": -0.75152850151062, "w": 0.65968090295792}
          }
        ]
      },
      "checkpoints": [
        {"index": 1, "node": {"x": -540.00372314453, "y": 152.96363830566, "z": 100.42028045654, "width": 12}},
        {"index": 2, "node": {"x": -594.65063476563, "y": 224.07429504395, "z": 112.47059631348, "width": 12}},
        {"index": 3, "node": {"x": -394.99038696289, "y": 425.36785888672, "z": 96.18302154541, "width": 12}},
        {"index": 4, "node": {"x": -620.29376220703, "y": 661.77111816406, "z": 91.675735473633, "width": 12}}
      ],
      "finish": {
        "pos": {"x": -941.01721191406, "y": 662.43603515625, "z": 112.25651550293},
        "rot": {"x": -0.0033607431687415, "y": -0.0038286598864943, "z": -0.75152850151062, "w": 0.65968090295792},
        "width": 15
      }
    },
    "new_race_1": {
      "id": "new_race_1",
      "name": "New Race",
      "description": "Custom street race",
      "type": "point_to_point",
      "difficulty": 2,
      "minBet": 1000,
      "maxBet": 50000,
      "start": {
        "pos": {"x": -728.17047119141, "y": -37.645896911621, "z": 102.201171875},
        "rot": {"x": 0, "y": 0, "z": 0.91579127311707, "w": 0.40165448188782},
        "width": 15
      },
      "spawns": {
        "player": {
          "pos": {"x": -728.17047119141, "y": -37.645896911621, "z": 102.201171875},
          "rot": {"x": 0, "y": 0, "z": 0.91579127311707, "w": 0.40165448188782}
        },
        "adversaries": [
          {
            "pos": {"x": -718.95843505859, "y": -27.82933807373, "z": 102.29292297363},
            "rot": {"x": 0, "y": 0, "z": 0.91579139232635, "w": 0.40165451169014}
          }
        ]
      },
      "checkpoints": [
        {"index": 1, "node": {"x": -681.90832519531, "y": 11.008726119995, "z": 102.78564453125, "width": 12}}
      ],
      "finish": {
        "pos": {"x": -544.39465332031, "y": 151.84312438965, "z": 100.51219940186},
        "rot": {"x": 0, "y": 0, "z": -0.40165445208549, "w": 0.91579127311707},
        "width": 15
      }
    }
  },
  "encounters": {
    "spawnChance": 0.003,
    "cooldownMinutes": 10,
    "finishDistance": 2000
  }
}
