{
    "encounters": {
        "spawnChance": 0.003,
        "cooldownMinutes": 10,
        "finishDistance": 2000
    },
    "version": "1.0",
    "map": "west_coast_usa",
    "races": {
        "new_race": {
            "difficulty": 2,
            "minBet": 1000,
            "start": {
                "pos": {
                    "y": 121.79444885254,
                    "x": -571.82427978516,
                    "z": 101.33072662354
                },
                "width": 15,
                "rot": {
                    "y": 0,
                    "z": 0.99999994039536,
                    "x": 0,
                    "w": 0
                }
            },
            "checkpoints": [
                {
                    "index": 1,
                    "node": {
                        "y": 152.28909301758,
                        "width": 12,
                        "x": -541.53680419922,
                        "z": 100.45927429199
                    }
                },
                {
                    "index": 2,
                    "node": {
                        "y": 146.59046936035,
                        "width": 12,
                        "x": -453.59173583984,
                        "z": 100.26156616211
                    }
                }
            ],
            "name": "New Race",
            "maxBet": 50000,
            "finish": {
                "pos": {
                    "y": 296.95538330078,
                    "x": -340.62771606445,
                    "z": 101.5919418335
                },
                "width": 15,
                "rot": {
                    "y": 0,
                    "z": 0.99999994039536,
                    "x": 0,
                    "w": 0
                }
            },
            "type": "point_to_point",
            "description": "Custom street race",
            "id": "new_race",
            "spawns": {
                "player": {
                    "rot": {
                        "y": 0,
                        "z": 0.99999994039536,
                        "x": 0,
                        "w": 0
                    },
                    "pos": {
                        "y": 121.79444885254,
                        "x": -571.82427978516,
                        "z": 101.33072662354
                    }
                },
                "adversaries": [
                    {
                        "rot": {
                            "y": 0,
                            "z": 0.99999994039536,
                            "x": 0,
                            "w": 0
                        },
                        "pos": {
                            "y": 120.85078430176,
                            "x": -569.32409667969,
                            "z": 101.25746154785
                        }
                    }
                ]
            }
        },
        "race01": {
            "difficulty": 2,
            "minBet": 1000,
            "start": {
                "pos": {
                    "y": 122.35036468506,
                    "x": -569.62908935547,
                    "z": 101.23443603516
                },
                "width": 15,
                "rot": {
                    "y": -0.0038286598864943,
                    "z": -0.75152850151062,
                    "x": -0.0033607431687415,
                    "w": 0.65968090295792
                }
            },
            "checkpoints": [
                {
                    "index": 1,
                    "node": {
                        "y": 152.96363830566,
                        "x": -540.00372314453,
                        "z": 100.42028045654,
                        "width": 12
                    }
                },
                {
                    "index": 2,
                    "node": {
                        "y": 224.07429504395,
                        "x": -594.65063476563,
                        "z": 112.47059631348,
                        "width": 12
                    }
                },
                {
                    "index": 3,
                    "node": {
                        "y": 425.36785888672,
                        "x": -394.99038696289,
                        "z": 96.18302154541,
                        "width": 12
                    }
                },
                {
                    "index": 4,
                    "node": {
                        "y": 661.77111816406,
                        "x": -620.29376220703,
                        "z": 91.675735473633,
                        "width": 12
                    }
                }
            ],
            "name": "Race01",
            "maxBet": 50000,
            "finish": {
                "pos": {
                    "y": 662.43603515625,
                    "x": -941.01721191406,
                    "z": 112.25651550293
                },
                "width": 15,
                "rot": {
                    "y": -0.0038286598864943,
                    "z": -0.75152850151062,
                    "x": -0.0033607431687415,
                    "w": 0.65968090295792
                }
            },
            "type": "point_to_point",
            "description": "Custom street race",
            "id": "race01",
            "spawns": {
                "player": {
                    "pos": {
                        "y": 122.35036468506,
                        "x": -569.62908935547,
                        "z": 101.23443603516
                    },
                    "rot": {
                        "y": -0.0038286598864943,
                        "z": -0.75152850151062,
                        "x": -0.0033607431687415,
                        "w": 0.65968090295792
                    }
                },
                "adversaries": [
                    {
                        "pos": {
                            "y": 122.35036468506,
                            "x": -565.62908935547,
                            "z": 101.23443603516
                        },
                        "rot": {
                            "y": -0.0038286598864943,
                            "z": -0.75152850151062,
                            "x": -0.0033607431687415,
                            "w": 0.65968090295792
                        }
                    }
                ]
            }
        }
    }
}